{
  "mu_up": [
    3.140029962207496,
    0.43241359377944033,
    0.5414372634319373,
    9.993166287015946,
    0.22533984810375499,
    0.23609441297526057,
    0.18999999999999836,
    0.5600000000000022,
    0.39999999999999675
  ],
  "var_up": [
    0.00031151936764315145,
    7.007738161934871e-06,
    7.170440377860258e-06,
    0.0409565782711769,
    0.01770987107036851,
    0.012613692875255659,
    1e-06,
    1e-06,
    1e-06
  ],
  "mu_dn": [
    3.1411380658032444,
    0.4322333256610873,
    0.5412390714647298,
    9.989795918367347,
    0.22501187948098333,
    0.22778613762067637,
    0.1899999999999987,
    0.5600000000000022,
    0.40000000000000385
  ],
  "var_dn": [
    0.0001555198363353123,
    6.580329755074394e-06,
    8.670465156796746e-06,
    0.06112136651395131,
    0.010987988266175999,
    0.008655379008868227,
    1e-06,
    1e-06,
    1e-06
  ],
  "prior_up": 0.5989085948158254,
  "calib": [
    0.24266998213269175,
    0.30887136878148047
  ],
  "ts": "2025-11-10T12:17:58.138672Z"
}
